Value,Type,Last Updated
promoverse.org,domain,2/20/2026 12:56
miniquest.org,domain,2/20/2026 12:56
codefusiontech.org,domain,2/20/2026 12:56
netvigil.org,domain,2/20/2026 12:56
screenai.online,domain,11/4/2025 11:25
softwarehosts.com,domain,7/22/2024 6:39
smartcloudcompany.com,domain,7/22/2024 6:39
stratioai.org,domain,1/12/2026 15:21
processplanet.org,domain,12/3/2025 10:34
smtpcloudapp.com,domain,7/22/2024 6:39
magicallyday.com,domain,12/3/2025 10:34
promoverse.org,domain,2/20/2026 12:56
codefusiontech.org,domain,2/20/2026 12:56
onlinemailerservices.com,domain,7/22/2024 6:39
bootcamptg.org,domain,1/12/2026 15:21
netvigil.org,domain,2/20/2026 12:56
miniquest.org,domain,2/20/2026 12:56
cairoairport.egnyte.com,hostname,7/22/2024 6:39
bgu.egnyte.com,hostname,7/22/2024 6:39
alkan.egnyte.com,hostname,7/22/2024 6:39
airpazfly.egnyte.com,hostname,7/22/2024 6:39
gcare.egnyte.com,hostname,7/22/2024 6:39
nomercys.it.com,hostname,1/12/2026 15:21
alltrans.egnyte.com,hostname,7/22/2024 6:39
airpaz.egnyte.com,hostname,7/22/2024 6:39
filecloud.egnyte.com,hostname,7/22/2024 6:39
kinneretacil.egnyte.com,hostname,7/22/2024 6:39
rimonnet.egnyte.com,hostname,7/22/2024 6:39
ksa1.egnyte.com,hostname,7/22/2024 6:39
cnsmportal.egnyte.com,hostname,7/22/2024 6:39
getter.egnyte.com,hostname,7/22/2024 6:39
nour.egnyte.com,hostname,7/22/2024 6:39
fileuploadcloud.egnyte.com,hostname,7/22/2024 6:39
fbcsoft.egnyte.com,hostname,7/22/2024 6:39
api.tikavodot.co.il,hostname,12/3/2025 10:34
silbermintz1.egnyte.com,hostname,7/22/2024 6:39
downloadfile.egnyte.com,hostname,7/22/2024 6:39
salary.egnyte.com,hostname,7/22/2024 6:39
megolan.egnyte.com,hostname,7/22/2024 6:39
airpazflys.egnyte.com,hostname,7/22/2024 6:39
159.198.66.153,ip,1/12/2026 8:47
159.198.68.25,ip,1/12/2026 8:47
143.198.5.41,ip,2/20/2026 12:56
209.74.87.67,ip,2/20/2026 12:56
159.198.36.115,ip,11/4/2025 13:58
195.20.17.32,ip,3/9/2026 11:48
62.106.66.112,ip,12/3/2025 7:18
185.248.85.20,ip,7/22/2024 6:40
89.46.239.15,ip,3/9/2026 11:48
193.109.120.59,ip,7/22/2024 6:40
13.37.13.37,ip,3/4/2026 13:11
200.200.200.248,ip,7/22/2024 6:40
5.252.23.52,ip,7/22/2024 6:40
194.11.246.78,ip,12/3/2025 7:18
206.71.149.51,ip,12/3/2025 7:18
143.198.5.41,ip,2/20/2026 12:56
146.19.143.14,ip,7/22/2024 6:39
93.118.166.141,ip,3/9/2026 11:48
209.74.87.67,ip,2/20/2026 12:56
159.198.68.25,ip,1/12/2026 8:47
89.46.239.187,ip,3/9/2026 11:48
167.99.224.13,ip,12/3/2025 7:18
95.164.32.69,ip,7/22/2024 6:40
194.11.246.101,ip,12/3/2025 7:18
93.118.166.139,ip,3/9/2026 11:48
93.118.166.144,ip,3/9/2026 11:48
93.118.166.145,ip,3/9/2026 11:48
146.70.172.227,ip,7/22/2024 6:40
91.235.234.202,ip,7/22/2024 6:39
169.150.227.230,ip,7/22/2024 6:40
212.232.22.136,ip,12/3/2025 7:18
89.221.225.81,ip,7/22/2024 6:40
185.236.25.119,ip,3/4/2026 13:11
198.54.131.36,ip,7/22/2024 6:40
161.35.228.250,ip,1/12/2026 8:47
51.16.209.105,ip,12/3/2025 7:18
93.118.166.143,ip,3/9/2026 11:48
159.198.66.153,ip,1/12/2026 8:47
194.4.50.133,ip,7/22/2024 6:40
3.95.7.142,ip,12/3/2025 7:18
161.35.172.55,ip,12/3/2025 7:18
157.20.182.49,ip,3/4/2026 13:11
93.118.166.142,ip,3/9/2026 11:48
18.223.24.218,ip,3/4/2026 13:11
31.171.154.54,ip,7/22/2024 6:40
169.150.227.205,ip,7/22/2024 6:40
209.74.87.100,ip,3/4/2026 13:11
85.239.61.97,ip,7/22/2024 6:39
45.150.108.198,ip,7/22/2024 6:40
162.0.230.185,ip,3/4/2026 13:11
35.175.224.64,ip,12/3/2025 7:18
84.110.105.214,ip,3/4/2026 13:11
141.98.252.143,ip,7/22/2024 6:40
157.20.182.45,ip,12/3/2025 7:18
193.17.183.126,ip,3/4/2026 13:11
75060f5394b72421c0d8f81f79931aa9,md5,2/23/2026 13:51
95d9e6c262632abe004c4693a71eaced,md5,2/23/2026 13:51
2ed6ebaa28a9bfccc59c6e89a8990631,md5,2/23/2026 13:51
c89671f994af65677aa48b699a01fe9d,md5,2/23/2026 13:51
3ab16bd1c339fd0727be650104b74dd1,md5,2/23/2026 13:51
23d99f912f2491749b89e4fd337273bc,md5,2/23/2026 13:51
aaa9db79b5d6ba319e24e6180a7935d6,md5,2/23/2026 13:51
b9a67ffb81420e68f9e5607cc200604a,md5,2/23/2026 13:51
806adc79e7ea3be50ef1d3974a16b7fb,md5,2/23/2026 13:51
4055d8b5c2e909f5db8b75a5750a7005,md5,2/23/2026 13:51
ef6ec560efd05d21976a6fd3f489e206,md5,2/23/2026 13:51
cdeb7abfc7775c63745135431272dda3,md5,2/23/2026 13:51
64fc017a451ef273dcacdf6c099031f3,md5,2/23/2026 13:51
e2d6031afd81bf3b6a44de4d0b039055,md5,2/23/2026 13:51
93be13bbcad30440a0d0ef3868d67003,md5,2/23/2026 13:51
74e75830252220cbbe7e3adec4340d2d,md5,2/23/2026 13:51
c381c2cb8fdd6acf1636280b9424f573,md5,2/23/2026 13:51
1f280f51eeb6cf895fe80082ce725841,md5,2/23/2026 13:51
68352f61da6e3236c4fe760997a981ea,md5,2/23/2026 13:51
c5c0829df294cc4fd701df5d5c55718f,md5,2/23/2026 13:51
0873ce3db84b79da935f71df3d6c8e6d,md5,2/23/2026 13:51
96d5a7e0e75654c444cb1a915c666ac8,md5,2/23/2026 13:51
4c169dde3bc184c42ca7a712a61c6f3c,md5,2/23/2026 13:51
f97650ede0c39a29b0b5c5472f685d11,md5,2/23/2026 13:51
b181ecbb7394e3b1394a8c97af65b7e2,md5,2/23/2026 13:51
aba760ec55fdeccb35adb068443feb89,md5,2/23/2026 13:51
43be8a405a7f57cf9f910d829c521b21,md5,2/23/2026 13:51
c478e472f6223e7ee92cff8b459e55e2,md5,2/23/2026 13:51
3a95186019af1943a0ea0f8eb07a288f,md5,2/23/2026 13:51
f06e30dee8629e951cefa73373fdef9d,md5,2/23/2026 13:51
244a4f81cff4a8dc5872628a40713735,md5,2/23/2026 13:51
f1c935ce028022ab2a495eae83adacc6,md5,2/23/2026 13:51
6d7ce5b03fe61683229c29a859505163,md5,2/23/2026 13:51
0a95918fd6000a69b8a70609f93e910f,md5,2/23/2026 13:51
242098c3e87822bffa7c337987065fbe,md5,2/23/2026 13:51
f6a4c531e92cbdd5ffac75c76939d7f3,md5,2/23/2026 13:51
1e9a4e774b61acc8a6b35ee50417e661,md5,2/23/2026 13:51
7da3d206519086f2725494b3ab095fbb,md5,2/23/2026 13:51
809334c0b55009c5a50f37e4eec63c43,md5,2/23/2026 13:51
91a4e6f6d51daee773a8f00279792578,md5,12/3/2025 7:18
4103a09887b82ffd56a93bb431805224,md5,12/3/2025 7:18
76632910cf67697bf5d7285fae38bfcf438ec082,sha1,12/3/2025 7:18
e02dd79a8caed662969f6d5d0792f2cb283116e8,sha1,12/3/2025 10:34
52009f36058337b6401da0a0f4885a0c185f0520,sha1,12/3/2025 10:34
b48b93b4eb69d01588d371356ede614c5e7378de,sha1,12/3/2025 10:34
50c6d4a2ad16a231cf11c43f3bbc868d90e20d25,sha1,12/3/2025 10:34
a9747a3f58f8f408fecefc48db0a18a1cb6dacae,sha1,12/3/2025 10:34
b8997526e4781a6a1479690e30072f38e091899d,sha1,12/3/2025 10:34
54ebc125039cc83e4682ca44dd592534562b25c3,sha1,12/3/2025 10:34
d46900d78ae036967e0b37f9ec6a8000131ae604,sha1,12/3/2025 10:34
8e21de54638a79d8489c59d958b23fe22e90944a,sha1,12/3/2025 10:34
25361183de63f296ba71b6fcf0725e022b3c989a,sha1,12/3/2025 10:34
007b5cd6d6acf972f7743f79e23cab9bb2ecbee3,sha1,12/3/2025 10:34
0657d0b0610618886ddd74c3d0a1d582cdd24863,sha1,12/3/2025 10:34
f26cae9e79871df3a47fa61a755dc028c18451fc,sha1,12/3/2025 10:34
6ca41565844118385b345a39a9b79e0bbc0dd338,sha1,12/3/2025 10:34
1723d5ea7185d2e339fa9529d245daa5d5c9a932,sha1,12/3/2025 10:34
2b77671cfee4907776a95abbb9681eee598c102e,sha1,3/4/2026 13:11
e8f4ea3857ef5fdfec1a2063d707609251f207db,sha1,12/3/2025 10:34
cd47420f5ce408d95c98306d78b977cda0400c8f,sha1,12/3/2025 10:34
a101cbccd950aa36fc3b40c3c331fde43acdbbd2,sha1,12/3/2025 10:34
b0cd4f5df192bffe6500e44b80c28505dfd9ca66,sha1,12/3/2025 10:34
45fa7de711fea1f8d1e348e87834246c455dd2ed,sha1,12/3/2025 10:34
2939fd218e0145d730bd94aa1c76386a5259eace,sha1,12/3/2025 10:34
f5efba6ccba5a6ad6c3afa928c0e5eaa44597411,sha1,12/3/2025 10:34
5d1e61da8083c41ff1fc23a1222a4a88b43a4e9b,sha1,12/3/2025 10:34
b7a8f09cb5ff8a33653988ffba585118acf24c13,sha1,12/3/2025 10:34
29cda06701f9a9c0a6791775c3eb70f5b52bbeff,sha1,12/3/2025 10:34
6532e0437c8913fa418f1ee258561b15bbee9052,sha1,12/3/2025 10:34
a997a7aae727d2c12cce80fe3607317775a4df3e,sha1,12/3/2025 10:34
ff09608790077e1ba52c03d9390e0805189adad7,sha1,12/3/2025 10:34
0e9a4892cfa1c9065b36d8f2e164e28609a8cf5d,sha1,12/3/2025 10:34
6fc50a99aae1d6c40111632d4f49bd19f9794cf6,sha1,12/3/2025 10:34
d49979d0063b28bd73390481e6ae642c00ce0791,sha1,12/3/2025 10:34
826cff5d85713ce4b2f3c15ab53a84e6848d2e2c,sha1,12/3/2025 10:34
99fad0862e2e8d363f3e18952fd92e09493cc27d,sha1,12/3/2025 10:34
d518f5c648ab64b390a29aa2858219318cfc556a,sha1,12/3/2025 10:34
2b09241ca025bdc4455e9f6ba6009e2f27c08edf,sha1,12/3/2025 10:34
ea8a1c2382ff765709d7f78ef60482598e4c0deb,sha1,12/3/2025 10:34
47b70c47beb33e88b4197d6af1b768230e51b067,sha1,12/3/2025 10:34
eaf4bafc62170c9fca1f6b591848883dbf97f93d,sha1,12/3/2025 10:34
4e9529ba4a6e42d6278d37e3fdee9e1d991cebe0,sha1,12/3/2025 10:34
c1299e8c9a8567a9c292157f3ed65b818aa78900,sha1,12/3/2025 10:34
535882b6edab29247e035236a84ca510fb1e0854,sha1,12/3/2025 10:34
4e0ef2386980639fc5355fd68daff54eb2ad622e,sha1,12/3/2025 10:34
5a08150c1dc17e9f691296f0a577c2ec9ba8028c,sha1,12/3/2025 10:34
2e9be23cdd8152db6cd1a54e001c4ea82ff6f1c6,sha1,12/3/2025 10:34
544ce18e4c1f1b288dee6018dfcf4e4d4a315f7a,sha1,12/3/2025 10:34
a227c0a4425e24268b759a740231676a589ca4e6,sha1,12/3/2025 10:34
df223d653f761ed55f9c0774f1dbf545fd741f86,sha1,12/3/2025 10:34
13da612d75dc5268f5235f5bace6d8f0db0091ff,sha1,12/3/2025 10:34
8f3ed626e7b929450e36e97ba5539c8371df0ef8,sha1,12/3/2025 10:34
002e9eb388cbd72bad2e1409306af719d0db15e4,sha1,3/4/2026 13:11
cd36f93dbc4c718930593d8f029efdcaa52b619b,sha1,12/3/2025 10:34
b0271ca76052ec340014d7bccdbd69325a4e60f2,sha1,12/3/2025 10:34
87add79c7c8335447113ee0d413f52ae2b17f066,sha1,12/3/2025 10:34
93055115559219be8441880597c533381b99213b,sha1,12/3/2025 10:34
97c3376ab551e899f347cc9ddf49ea01db2d7903,sha1,12/3/2025 10:34
df8fc5213aa11ee445ead1aae17a826e7d51a743,sha1,12/3/2025 10:34
8580824fe14db158388102b16c1c79dfbba36083,sha1,12/3/2025 10:34
7950296331802188eb99e232e2c383cb9fdd5d7d,sha1,12/3/2025 10:34
b16e7d56a8dc0ff6b3afd797e1eab22b20dffb39,sha1,12/3/2025 10:34
3bc6502a55a4d5d29132da4d9943e154a810cc83,sha1,12/3/2025 10:34
69b097d8a3205605506e6c1cc3c13b71091cb519,sha1,12/3/2025 10:34
02ccc4271362b92a59e6851ac6d5d2c07182064a602906d7166fe2867cc662a5,sha256,2/20/2026 12:56
d80b48164a6b58e668314e363b76fcb6ca1224aefde7c7bbc32b6e1b1b483a2a,sha256,11/4/2025 14:34
3d6f69cc0330b302ddf4701bbc956b8fca683d1c1b3146768dcbce4a1a3932ca,sha256,11/4/2025 11:29
668dd5b6fb06fe30a98dd59dd802258b45394ccd7cd610f0aaab43d801bf1a1e,sha256,11/4/2025 14:46
1883db6de22d98ed00f8719b11de5bf1d02fc206b89fedd6dd0df0e8d40c4c56,sha256,11/4/2025 11:08
76fa8dca768b64aefedd85f7d0a33c2693b94bdb55f40ced7830561e48e39c75,sha256,11/4/2025 11:08
5ec5a2adaa82a983fcc42ed9f720f4e894652bd7bd1f366826a16ac98bb91839,sha256,11/4/2025 14:46
3ac8283916547c50501eed8e7c3a77f0ae8b009c7b72275be8726a5b6ae255e3,sha256,11/4/2025 11:08
94278fa01900fdbfb58d2e373895c045c69c01915edc5349cd6f3e5b7130c472,sha256,7/22/2024 6:40
39da7cc7c627ea4c46f75bcec79e5669236e6b43657dcad099e1b9214527670e,sha256,7/22/2024 6:41
960d4c9e79e751be6cad470e4f8e1d3a2b11f76f47597df8619ae41c96ba5809,sha256,7/22/2024 6:40
42ad0c70e997a268286654b792c7833fd7c6a2a6a80d9f30d3f462518036d04c,sha256,1/12/2026 8:47
c8589ca999526f247db4d3902ade8a85619f8f82338c6230d1b935f413ddcb3d,sha256,3/4/2026 13:11
c23f17b92b13464a570f737a86c0960d5106868aaa5eac2f2bac573c3314eb0f,sha256,7/22/2024 6:41
424a9c85f97aa1aece9480bd658266c366a60ff1d62c31b87ddc15a1913c10e4,sha256,7/22/2024 6:41
bedb882c6e2cf896e14ecf12c90aaa6638f780017d1b8687a40b4a81956e230f,sha256,3/4/2026 13:11
c88453178f5f6aaab0cab2e126b0db27b25a5cfe6905914cc430f6f100b7675c,sha256,7/22/2024 6:41
31591fcf677a2da2834d2cc99a00ab500918b53900318f6b19ea708eba2b38ab,sha256,4/23/2024 7:16
73c677dd3b264e7eb80e26e78ac9df1dba30915b5ce3b1bc1c83db52b9c6b30e,sha256,7/22/2024 6:40
fb58c54a6d0ed24e85b213f0c487f8df05e421d7b07bd2bece3a925a855be93a,sha256,4/23/2024 7:16
ff2ae62ba88e7068fa142bbe67d7b9398e8ae737a43cf36ace1fcf809776c909,sha256,4/23/2024 7:16
f925d929602c9bae0a879bb54b08f5f387d908d4766506c880c5d29986320cf9,sha256,7/22/2024 6:41
88788208316a6cf4025dbabbef703f51d77d475dc735bf826b8d4a13bbd6a3ee,sha256,7/22/2024 6:41
4064e4bb9a4254948047858301f2b75e276a878321b0cc02710e1738b42548ca,sha256,7/22/2024 6:41
a0968e820bbc5e099efd55143028b1997fd728d923c19af03a1ccec34ce73d9b,sha256,7/22/2024 6:41
b8703744744555ad841f922995cef5dbca11da22565195d05529f5f9095fbfca,sha256,7/22/2024 6:40
a2001892410e9f34ff0d02c8bc9e7c53b0bd10da58461e1e9eab26bdbf410c79,sha256,1/12/2026 8:47
7e6b04e17ae273700cef4dc08349af949dbd4d3418159d607529ae31285e18f7,sha256,7/22/2024 6:41
5df724c220aed7b4878a2a557502a5cefee736406e25ca48ca11a70608f3a1c0,sha256,7/22/2024 6:40
0ab2b0a2c46d14593fe900e7c9ce5370c9cfbf6927c8adb5812c797a25b7f955,sha256,7/22/2024 6:41
ed15c8344b45daed1e0578f8bc1a32411812c61f4cb45d89b107287de0e09ffc,sha256,12/3/2025 7:18
e2810cca5d4b74e0fe04591743e67da483a053a8b06f3ef4a41bdabee9c48cf7,sha256,7/22/2024 6:41
53b4a4359757e7f4e83929fba459677e76340cbec7e2e1588bbf70a4df7b0e97,sha256,7/22/2024 6:41
20aaeac4dbea89b50d011e9becdf51afc1a1a1f254a5f494b80c108fd3c7f61a,sha256,7/22/2024 6:41
90f94d98386c179a1b98a1f082b0c7487b22403d8d5eb3db6828725d14392ded,sha256,7/22/2024 6:41
9262a37df166ac1d5f582aac79f54ccb47623bfd9ba001228d284ae13a08f52f,sha256,12/3/2025 7:18
0608101047106453101617106423101013101012101083109710108585106969,sha256,12/3/2025 7:18
e081bc408f73158c7338823f01455e4f5185a4365c8aad1d60d777e29166abbd,sha256,1/12/2026 8:47
ddc6e6c76ac325d89799a50dffd11ec69ed3b5341740619b8e595b8068220914,sha256,1/12/2026 8:47
7523e53c979692f9eecff6ec760ac3df5b47f172114286e570b6bba3b2133f58,sha256,1/12/2026 8:47
02ccc4271362b92a59e6851ac6d5d2c07182064a602906d7166fe2867cc662a5,sha256,2/20/2026 12:56
1c0947258ddb608c879333c941f0738a7f279bc14630f2c8877b82b8046acf91,sha256,7/22/2024 6:41
e61b2ed360052a256b3c8761f09d185dad15c67595599da3e587c2c553e83108,sha256,1/12/2026 8:47
6969697820511281801712341067111416133321394945138510872296106446,sha256,12/3/2025 7:18
c23bac59d70661bb9a99573cf098d668e9395a636dc6f6c20f92c41013c30be8,sha256,1/12/2026 8:47
3d1e43682c4d306e41127ca91993c7befd6db626ddbe3c1ee4b2cf44c0d2fb43,sha256,1/12/2026 8:47
76aad2a7fa265778520398411324522c57bfd7d2ff30a5cfe6460960491bc552,sha256,1/12/2026 8:47
7ab597ff0b1a5e6916cad1662b49f58231867a1d4fa91a4edf7ecb73c3ec7fe6,sha256,3/4/2026 13:11
e7896ccb82ae35e1ee5949b187839faab0b51221d510b25882bbe711e57c16d2,sha256,7/22/2024 6:41
55af6a90ac8863f27b3fcaa416a0f1e4ff02fb42aa46a7274c6b76aa000aacc2,sha256,7/22/2024 6:41
8fbd374d4659efdc5b5a57ff4168236aeaab6dae4af6b92d99ac28e05f04e5c1,sha256,7/22/2024 6:41
f38a56b8dc0e8a581999621eef65ef497f0ac0d35e953bd94335926f00e9464f,sha256,1/12/2026 8:47
7e14ca8cb7980e85aff4038f489442eace33530fd02e2b9c382a4b6907601bee,sha256,7/22/2024 6:41
c80c8dd7be3ccf18e327355b880afb5a24d5a0596939458fb13319e05c4d43e9,sha256,7/22/2024 6:41
02060a9ea0d0709e478e2fba6e9b71c1b7315356acc4f64e40802185c4f42f1c,sha256,7/22/2024 6:41
http://159.198.36.115:4444/chromium_stealer_user.exe,url,11/4/2025 14:32
https://ws.onehub.com/files/zgov9aqy,url,7/22/2024 6:39
https://84.110.105.214,url,3/4/2026 13:11
https://ws.onehub.com/files/bbmiio1c,url,7/22/2024 6:39
https://shorturl.at/NCxJk,url,7/22/2024 6:39
http://157.20.182.49:10443/success,url,3/4/2026 13:11
Win64/MuddyWater.E,url,12/3/2025 10:34
https://shorturl.at/bYqUx,url,7/22/2024 6:39
